颜色,套装类型,ASIN,FNSKU,SKU,链接售卖价格
白,十八件套,B0CR1FVW5H,X0043148H9,T001WH-18-BTSFBA,79.99
灰,十八件套,B0CR1PNT6R,X004314BS5,T001GY-18-BTSFBA,79.99
黄,十八件套,B0CR1PMXRQ,X004312OCF,T001YE-18-BTSFBA,79.99
蓝,十八件套,B0FDK35SVV,X004Q6BR0H,T001BLUE-18-BTSFBA,79.99
绿,十八件套,B0CZLFQFPF,X0046R1UB7,T001GREEN-18-BTSFBA,79.99
黄灰,十八件套,B0D7SBLKVL,X004AJE4FP,T001Y+G-18-BTSFBA,79.99
紫,十八件套,B0D7SK9K6D,X004AJNTD3,T001PR-18-BTSFBA,79.99
海滩,十八件套,B0CZLDK7P9,X0046R3AZ1,T001YEBL-18-BTSFBA,79.99
梅园,十八件套,B0D9VFPPRT,X004BUHI51,T001REB-18-BTSFBA,79.99
印象,十八件套,B0CZMDV4TG,X0046RZJ6J,T001IM-18-BTSFBA,79.99
星空,十八件套,B0FG2PYNZ4,X004QS29WF,TS018-STARRY,79.99
麦田,十八件套,B0D61Z67QP,X0049KXOLP,T001WFI-18-BTSFBA,79.99
白,十二方巾,B08HVJTQ94,X003FVNQMV,T001W-1-WASMXUFBA,19.99
灰,十二方巾,B08BHZYR8G,X003FVBTA7,T001GY-1-WASMXUFBA,19.99
黄,十二方巾,B07S2GP495,X003FVNTSR,T001Y-1-WASMXUFBA,19.99
蓝,十二方巾,B08HVBD912,X003KB03U9,T001BL1-1-WASMXUFBA,19.99
绿,十二方巾,B0FPF1713K,X004TME9JJ,WASH-12-GREEN,19.99
黄灰,十二方巾,B0D2L1JR23,X0047SUVAL,T001Y+G-1-WASMXUFBA,19.99
紫,十二方巾,B0D1K6HCKW,X004791AUP,T001PR-1-WASMXUFBA,19.99
海滩,十二方巾,B08HV5HSZR,X003FTXY7P,T001BLB-1-WASMXUFBA,19.99
梅园,十二方巾,B08HV94B71,X003FU8FEB,T001REB-1-WASMXUFBA,19.99
印象,十二方巾,B0D1QVR78K,X0047C3DRF,T001IM-1-WASMXUFBA,19.99
星空,十二方巾,B0D62G3DPB,X0049L7HFN,T001SSK-1-WASMXUFBA,19.99
麦田,十二方巾,B0D62BRWHY,X0049L393H,T001WFI-1-WASMXUFBA,19.99
绿 -- 废弃,十二方巾,B0D1Q9F5ZK,,T001GREEN-1-WASMXUFBA,19.99
白,十二毛巾-6,B0CLCJLCS1,X0040CFTFV,T001WH-12-HTFBA,39.99
灰,十二毛巾-10,B0FG2QY9J1,X004QRZ0OP,HT012-GREY,39.99
黄,十二毛巾-6,B0CLD62D15,X0040CYZ15,T001YE-12-HTFBA,39.99
蓝,十二毛巾-6,B0CXSBNG8S,X0045V9IJF,T001BLU-12-HTFBA,39.99
绿,十二毛巾-6,B0D127NRPQ,X0046ZO3BN,T001GREEN-12-HTFBA,39.99
黄灰,十二毛巾-6,B0D2L6K5HS,X0047SYBAR,T001Y+G-12-HTFBA,39.99
紫,十二毛巾-6,B0D1K6L6QS,X00478UT35,T001PR-12-HTFBA,39.99
海滩,十二毛巾-6,B0D2L99MH6,X0047SSOYV,T001BLB-12-HTFBA,39.99
梅园,十二毛巾-6,B0D1277XLZ,X0046ZM3CJ,T001R-12-HTFBA,39.99
印象,十二毛巾-6,B0D2LBZ7WX,X0047SYJIV,T001IM-12-HTFBA,39.99
星空,十二毛巾-6,B0D62SX3T4,X0049LAOUD,T001SSK-12-HTSFBA,39.99
麦田,十二毛巾-6,B0D62RTC3M,X0049LAOTT,T001WFI-12-HTSFBA,39.99
灰 -- 废弃,十二毛巾,B0CLD2CM4M,X0040CYLA5,T001GR-12-HTFBA,39.99
白,八件套,B089QMK3D6,X002JJRM3J,T001WH-1-SMXUFBA,35.99
灰,八件套,B07GXLF9W9,B07GXLF9W9,T001GY-1-SMXUFBA,35.99
黄,八件套,B07GXNMV8J,B07GXNMV8J,T001Y-1-SMXUFBA,35.99
蓝,八件套,B07TT114NF,X0028911B9,T001LB-1-SMXUFBA,35.99
绿,八件套,B0CZMPH119,X0046S94MN,T001GREEN-1-SMXUFBA,35.99
黄灰,八件套,B07Y2WQ1V1,X002BJ27FF,T001Y+G-1-SMXUFBA,35.99
紫,八件套,B0D1KDNTK9,X004793Y31,T001PE-1-SMXUFBA,35.99
海滩,八件套,B08KWC3TQZ,X003HJPEJJ,T001BLB-1-SMXUFBA,35.99
梅园,八件套,B07J6GQ2HZ,X001WBP7R3,T001GR-2-SMXUFBA,35.99
印象,八件套,B0CZMM8JS9,X0046S3389,T001IM-1-SMXUFBA,35.99
星空,八件套,B0D5H26NQB,X0049BQHZ9,T001SS-1-SMXUFBA,35.99
麦田,八件套,B0FPDZB998,X004TMAGV9,TS008-WF,35.99
麦田 -- 废弃,八件套,B0D5GRKQPM,X0049BP8WR,T001WF-1-SMXUFBA,35.99
白,四毛巾,B0897JXHH5,X002J93TWR,T002WH-1-SMXUFBA,19.99
灰,四毛巾,B07GXM34W4,X001YWF2OX,T002GY-1-SMXUFBA,19.99
黄,四毛巾,B07GXLBNNB,X001Z9Z24F,T002Y-1-SMXUFBA,19.99
蓝,四毛巾,B07GXML5S7,X001YWEBYZ,T002BL-1-SMXUFBA,19.99
绿,四毛巾,B0D1JYK7L6,X00478UT3F,T002GREEN-1-SMXUFBA,19.99
黄灰,四毛巾,B07Y2RZXZV,X002BM6XGL,Hand-Y+GY-001,19.99
紫,四毛巾,B0D1JT4RL3,X00478I7MP,T002PR-1-SMXUFBA,19.99
海滩,四毛巾,B08HVR4PHP,X003FVEL5R,T001BLB-1-HASMXUFBA,19.99
梅园,四毛巾,B08HVDDZ28,X003FVELZH,T001REB-1-HASMXUFBA,19.99
印象,四毛巾,B0FB32G5LC,X004PA5A9D,HT004-IMPR,19.99
星空,四毛巾,B0D62QD7K2,X0049LAOTJ,T002SSK-1-SMXUFBA,19.99
麦田,四毛巾,B0D62R8LD4,X0049LAOU3,T002WFI-1-SMXUFBA,19.99
白,六毛巾,B0FF1N6NLW,X004QE4625,HT006-WHITE,29.99
灰,六毛巾,B0FF22SXRK,X004QE46K7,HT006-GRAY,29.99
蓝,六毛巾,B0FF259TD7,X004QEGHHH,HT006-BLUE,29.99
白,一浴巾,B0DKNQ7GBZ,X004J55BWP,T001WHITE-1-BASMXUFBA,17.99
灰,一浴巾,B0DQP5H7P9,X004J6ER6F,T001GREY-1-BTSMXUFBA,17.99
黄,一浴巾,B0DKNTJF75,X004J6EW2J,T001YELLOW-1-BTSMXUFBA,17.99
蓝,一浴巾,B08HVBGTNN,X003FTL3OB,T001BL-1-BASMXUFBA,17.99
绿,一浴巾,B0D1K5LX6Y,X004790GWX,T001GREEN-1-BASMXUFBA,17.99
紫,一浴巾,B0D1JWHRXT,X004792EJL,T001PR-1-BASMXUFBA,17.99
海滩,一浴巾,B08HVP1VL9,X003FTKY9B,T001BLB-1-BASMXUFBA,17.99
梅园,一浴巾,B08KWC7H6P,X003FTN5FL,T001REB-1-BASMXUFBA,17.99
印象,一浴巾,B0D1X1T5YM,X0047FMNNR,T001IM-1-BASMXUFBA,17.99
星空,一浴巾,B0D62S5SBV,X0049LAOSP,T001SSK-1-BASMXUFBA,17.99
麦田,一浴巾,B0D62Q9F6J,X0049LAOSZ,T001WFI-1-BASMXUFBA,17.99
白,地巾,B099DM8SWR,X0042FWVA7,T001BM-WHITE,21.99
灰,地巾,B099DL1VP5,X0042FXZR5,T001BM-GREY,21.99
黄,地巾,B099DXVFGN,X004459ZFT,T001BM-YELLOW,21.99
蓝,地巾,B099DWKBZX,X0042FUD39,T001BM-BLUE,21.99
白,一毛巾,B0CDGQQJ5S,X003WZLXK7,T001WH-1-HTFBA,5.99
黄,一毛巾,B0CDGMJGB5,X003WZL2Q7,T001YE-1-HTFBA,5.99
蓝,一毛巾,B0CBLHMCQV,X003W07EWN,T001BL-1-HTFBA,5.99
海滩,四浴巾,B0FG2Q2GXT,X004QS8Y0B,BT004-BEACH-1,39.99
梅园,四浴巾,B0DK6G42HY,X004IWAY17,BT004-SUNSET,39.99
印象,四浴巾,B0DK6GDC88,X004IWAXUJ,BT004-CHECKERED,39.99
星空,四浴巾,B0FG2S2W96,X004QS8OU1,BT004-STARRY-1,39.99
麦田,四浴巾,B0DK6G4SYY,X004IWDEM3,BT004-WHEAT,39.99
白,四浴巾,B0DK6G9YBC,X004IW63KN,BT004-WHITE,39.99
灰,四浴巾,B0DK6FMQXC,X004IW834H,BT004-GREY,39.99
黄,四浴巾,B0FB38HTXH,X004PA40RB,BT004-YELLOW-1,39.99
绿,四浴巾,B0DK6HGB1X,X004IW6I8P,BT004-GREEN,39.99
紫,四浴巾,B0DK6H8FL3,X004IW833D,BT004-PURPLE,39.99
蓝,四浴巾,B0DK6G897R,X004LF6Y79,BT004-BLUE,39.99
黄灰,四浴巾,B0DZ6JDPWM,X004LG7I1T,BT004-YE&GR,39.99
海滩,十二件套,B0DD3WL411,X004IQ9WG1,TS012-BEACH,59.99
梅园,十二件套,B0DD3VNLTS,X004IQQFWP,TS012-SUNSET,59.99
印象,十二件套,B0FPF1DSR2,,TS012-IM,59.99
星空,十二件套,B0DD3W6JRC,X004IQM48J,TS012-STARRY,59.99
麦田,十二件套,B0DD3W6D6Z,X004IQKT59,TS012-WHEAT,59.99
白,十二件套,B0DD414DZM,X004IO7Q9X,TS012-WHITE,59.99
灰,十二件套,B0DD421Q2P,X004IQQFW5,TS012-GREY,59.99
黄,十二件套,B0DD3XGLXT,X004IQQFVV,TS012-YELLOW,59.99
蓝,十二件套,B0DD3XKK9D,X004IO7VA7,TS012-BLUE,59.99
绿,十二件套,B0DB8LJ85L,X004IQM4AH,TS012-GREEN,59.99
紫,十二件套,B0DD3ZKVQ6,X004IQQFV1,TS012-PURPLE,59.99
黄灰,十二件套,B0DY7LLTVD,X004L3CIUX,TS012-YG,59.99
